Name,Price(in Nrs),Transmisson,Colour,Make Year,Mileage,Engine(CC),Fuel,Kilometer Run
TATA 407 Container (Tata),700000,Manual2WD,other,2013,15.0,2956,Diesel,60000
Mega XL hatti gadi (Tata),700000,Auto2WD,other,2019,15.0,889,Petrol,80000
Maruti Suzuki Alto 2004 On Sale (Maruti Suzuki),580000,Manual2WD,other,2004,15.0,800,Petrol,75000
Grand i10 magna 2014 (Hyundai),1845000,Manual2WD,other,2014,15.0,1200,Petrol,31000
2010 model red color santro zinc for sale (Hyundai),1350000,Manual4WD,red,2010,15.0,1100,Petrol,4200
"2015 model bolero 7 seater 4wd,powerstering sale (Mahindra)",1950000,Manual4WD,other,2015,15.0,2500,Diesel,65000
बैंक सुबिधा भएको सस्तो कार सङ्ग पनि सट्टा पट्टा (Mahindra),3200000,Manual2WD,silver,2019,15.0,2100,Electric,61000
Hyundai I20 Active Diesel 2015 (Hyundai),2500000,Manual2WD,other,2015,14.0,1400,Diesel,42000
Isuzu Vcross 2019 (Other Brands),5100000,Manual4WD,white,2019,15.0,2499,Diesel,51000
Like a Brand New Grand i10 sports 0 Push Bottom (Hyundai),2350000,Manual2WD,other,2017,14.0,1197,Petrol,7000
Fore Sale Grand I10 Magna (Hyundai),1850000,Manual2WD,other,2014,14.0,1200,Petrol,45000
Hundai Grend I 10 2019 model Sportz (Hyundai),2600000,Manual2WD,grey,2019,13.0,1200,Petrol,18300
Santro 2010 (Hyundai),1360000,Manual2WD,other,2010,15.0,1100,Petrol,53000
Datsun Go on sale (Datsun),1275000,Manual2WD,other,2016,16.0,1200,Petrol,48000
One Week Offer Price Fiat Avventura Dynamic 2016.. (Fiat),1550077,Manual2WD,other,2016,15.0,1368,Petrol,57000
FORD IKON FULL OPTION FRESH N SMOOTH (Ford),550000,Manual2WD,grey,2003,15.0,1299,Petrol,52000
Ford Figo (Trend) (Ford),1500000,Manual2WD,other,2016,14.0,1200,Petrol,70000
Kia sportage AWD 8air bag fully looded for sale (Kia),3250000,Manual4WD,other,2011,13.0,2000,Diesel,67000
wagonar bikrima (Maruti Suzuki),1050000,Manual2WD,other,2010,15.0,1086,Petrol,75000
santro bikrima (Hyundai),1050000,Manual2WD,white,2007,14.0,1086,Petrol,71000
ZEN 2006 (Maruti Suzuki),749000,Manual4WD,other,2006,16.0,1000,Petrol,74000
Creta SX 2019 Like new (Hyundai),4300000,Manual2WD,other,2019,14.0,1600,Petrol,24000
2010 i 10 MAGNA (Hyundai),1400000,Manual2WD,blue,2010,15.0,1200,Petrol,39888
Honda Jazz 2016 model (Honda),2350000,Manual2WD,other,2016,15.0,1200,Petrol,34200
Nissan sunny 2014 full option sedan for sale (Nissan),1599999,Manual2WD,other,2014,15.0,250,Petrol,42500
Hyundai Santro Fresh 2011 (Hyundai),1400000,Manual2WD,other,2011,14.0,1084,Petrol,57560
Swift ZXI 2009 9823584566 (Maruti Suzuki),1425000,Manual2WD,other,2009,13.0,1300,Petrol,70000
"Swift Vxi 2017 model, single hand (Maruti Suzuki)",2000000,Auto2WD,other,2017,16.0,1200,Petrol,35200
2022 Kia seltos HTK+ imt semi auto (Kia),5200000,Manual2WD,other,2022,15.0,1500,Petrol,6700
"Tata Motors, Winger,2017, Yellow , 14 Seats (Tata)",2100000,Manual2WD,other,2017,15.0,1948,Diesel,93726
Maruti Suzuki swift (Maruti Suzuki),1950000,Auto2WD,other,2013,14.0,1200,Petrol,47000
"Nissan X-trail, 2010, beige colour, diseal (Nissan)",3200000,Manual4WD,other,2010,15.0,2000,Diesel,70000
Skoda Khushaq (Skoda),5500000,Manual2WD,other,2021,15.0,1000,Petrol,24800
Kia Seltos auto 2021 (Kia),5750000,Auto2WD,other,2021,12.5,1500,Petrol,14500
hyundai eon era + (Hyundai),1175000,Manual2WD,other,2013,15.0,800,Petrol,32000
Brezza Zxi+ Petrol 2021 Model (full Options) (Maruti Suzuki),4125000,Manual2WD,other,2021,16.0,1500,Petrol,12000
Land cruiser Prado tx (Toyota),16700000,Auto4WD,other,2016,15.0,2882,Diesel,46543
Hyundai Create 2017 Model White Color (Hyundai),3300000,Manual2WD,other,2017,15.0,1599,Petrol,70000
terious 2008 model is for sale (Daihatsu),2775000,Manual4WD,white,2008,15.0,1500,Petrol,71000
Vitara Brezza 2020 Zxi+ (Maruti Suzuki),4000000,Manual2WD,other,2020,15.0,1500,Petrol,34000
Tata Yodha 2021 Model (Tata),1500000,Manual2WD,other,2021,15.0,2900,Diesel,45000
maruti suzuki ritz (Maruti Suzuki),1225000,Auto2WD,grey,2010,15.0,1200,Petrol,62000
car swift ZXI (Maruti Suzuki),2300000,Auto2WD,other,2016,15.0,1200,Petrol,25000
Single Handed Bolero D/c 4wd P/s 2018 For Sell (Mahindra),2100000,Manual4WD,other,2018,15.0,2523,Diesel,59000
I 20Asta Elite (Hyundai),2750000,Manual2WD,other,2016,15.0,1200,Petrol,23000
"Grand i10 magna 1.2, (Hyundai)",2525000,Manual2WD,silver,2019,15.0,1200,Petrol,17000
i20 Sportz 2010 for sale (Hyundai),1599000,Manual2WD,other,2010,14.0,1197,Petrol,60500
"Hyundai i10 2011 model, Good condition (Hyundai)",1500000,Manual2WD,blue,2011,15.0,1200,Petrol,45400
Kia seltos HTX IVT Automatic transmission (Kia),5800000,Auto2WD,other,2021,14.0,1600,Petrol,8000
Fresh eco van ungent sale (Maruti Suzuki),2075000,Manual2WD,silver,2021,15.0,1200,Petrol,31000
car on sale (Mahindra),2975000,Manual2WD,silver,2016,16.0,2179,Diesel,62370
Ssangyong TIVOLI 2019 (1600 CC) (Ssangyong),3990000,Auto2WD,other,2019,15.0,1600,Petrol,38000
Van (Maruti Suzuki),400000,Auto2WD,other,2014,14.0,800,Petrol,5500
Fully Loaded Full Option Branded Car Opel Corsa (Other Brands),395900,Manual2WD,other,2000,15.0,1600,Petrol,50000
Scorpio lx (Mahindra),2350000,Manual2WD,other,2014,15.0,2200,Diesel,97500
Super Fresh High Copy Of Terios 2011 Zotye 1.6 ABS (Other Chinese Brands),1075900,Manual2WD,other,2011,15.0,1600,Petrol,40000
Tata indica model 2007 500000 9860462630 (Tata),500000,Manual2WD,other,2007,15.0,1500,Diesel,71000
Well maintained Scorpio on sale (Mahindra),1720000,Manual2WD,other,2007,15.0,2400,Diesel,100000
Hyundai i20 sportz 2010 urgent Sale (Hyundai),1500000,Auto2WD,other,2010,15.0,1198,Petrol,43000
Suzuki Baleno Delta 2018 Model (Maruti Suzuki),2265000,PowerSteering,other,2018,16.0,1200,Petrol,43000
I20 actives 2016 model on sell or xchange (Hyundai),2600000,Manual2WD,white,2016,15.0,1200,Petrol,34000
Santo xing on sale full option 2003 model on sale (Hyundai),800000,Manual2WD,other,2003,15.0,1086,Petrol,90000
2002 model full option santro for sale (Hyundai),570000,Manual2WD,other,2002,14.0,1086,Petrol,89
2001 model frees santro for sale (Hyundai),470000,Manual2WD,other,2001,14.0,1000,Petrol,95
Hyundai Santro Gls Plus 2013 (Hyundai),1490000,Manual2WD,other,2013,15.0,1086,Petrol,40000
Maruti Suzuki Baleno Delta 2016 (Maruti Suzuki),2075000,Manual2WD,other,2016,15.0,1197,Petrol,39000
Maruti Suzuki Zen Estilo Vxi 2010 (Maruti Suzuki),1075000,Manual2WD,other,2010,15.0,996,Petrol,61477
Cargo maruti (Maruti Suzuki),500000,Manual4WD,other,2015,15.0,800,Petrol,40000
"2015 model swift zxi singlehanded sale,exng bike (Maruti Suzuki)",2250000,Manual2WD,other,2015,15.0,1200,Petrol,46000
FINANCE PANI Hatti Gadi Urgent Sell 9849193421 (Tata),1100000,Manual4WD,white,2018,16.0,1405,Diesel,95000
"2016 Swift Dezire Vxi Sale, Exchange, Finance (Maruti Suzuki)",2075000,Manual2WD,other,2016,16.0,1200,Petrol,47000
santro xing (Hyundai),650000,PowerSteering,silver,2001,15.0,1000,Petrol,80000
GRAND I 10 Magna 1.2 (Hyundai),2550000,Manual4WD,other,2019,15.0,1196,Petrol,17000
Puegot (Other Brands),500000,Manual2WD,other,2001,15.0,2800,Petrol,90000
Volswagen CrossPolo (Volkswagen),2050000,Manual2WD,black,2015,15.0,1600,Petrol,35000
Fiat Aventura (Fiat),1550000,Manual2WD,white,2015,13.0,1400,Petrol,35000
Hyundai Creta Sx top variant (Hyundai),4575000,Manual2WD,white,2019,15.0,1500,Petrol,38000
S Hyundai i20 Active (Hyundai),2865000,Manual2WD,brown,2017,15.0,1197,Petrol,35000
Top variant Hyundai i 20 Active (Hyundai),2900000,Manual2WD,white,2017,15.0,1200,Petrol,38000
Chevrolet Optra (Chevrolet),1250000,Manual2WD,gold,2012,15.0,1400,Petrol,38000
Grand i10 Magna New shape (Hyundai),2300000,Manual2WD,red,2018,14.0,1200,Petrol,27000
volswagen Tiguan (Volkswagen),3150000,Manual2WD,other,2010,15.0,2000,Petrol,75000
Suzuki Breeza zxi plus (Maruti Suzuki),3975000,Manual2WD,other,2021,15.0,1300,Petrol,30000
Hyundai i10Magna (Hyundai),1265000,Manual2WD,other,2009,15.0,1197,Petrol,61000
Green Indica (Tata),395000,Manual2WD,green,2003,15.0,1400,Diesel,75000
Tata Indica (Tata),390000,Manual2WD,black,2000,13.0,1400,Petrol,90000
Bolero pickup Fully loaded (Mahindra),1550000,Manual4WD,white,2016,13.0,2523,Diesel,45000
Ford Ecosport Titanium push bottom (Ford),2425000,Manual2WD,orange,2016,13.0,1500,Petrol,38000
Hyundai I20 Elite Asta (Hyundai),2275000,Manual2WD,silver,2015,14.0,1200,Petrol,40000
Nissan March (Nissan),1525000,Manual2WD,silver,2014,14.0,1197,Petrol,38000
Suzuki Swift VXI 2009 for sale (Maruti Suzuki),1399000,Manual2WD,other,2009,14.0,1300,Petrol,52000
Diahatsu Sirion (Daihatsu),875000,Manual2WD,silver,2007,14.0,1000,Petrol,61000
Hyyundai Tucson (Hyundai),2150000,Manual4WD,other,2007,13.0,2000,Diesel,78000
Toyota Yaris silver colour one hand 2007 (Toyota),1400000,Auto2WD,other,2007,14.0,1400,Petrol,100000
Suzuki Swift Dezire New Shape (Maruti Suzuki),2190000,Manual2WD,other,2017,14.0,1197,Petrol,38000
wagon r (Maruti Suzuki),1375000,Manual2WD,silver,2014,16.0,1000,Petrol,28000
Grand i10 Asta 2014 (Hyundai),2125000,Manual2WD,other,2014,15.0,1197,Petrol,48000
Ford Fiesta Classic (Ford),1150000,Manual2WD,other,2014,16.0,1400,Diesel,70
Honda brio smt 2012 model seal pack engine (Honda),1350000,Manual2WD,other,2012,14.0,1200,Petrol,59000
Mazda 2 (Mazda),1625000,Manual2WD,other,2010,15.0,1500,Petrol,61000
swift vxi 2012 mode is for sale (Maruti Suzuki),1675000,Manual2WD,silver,2012,15.0,1200,Petrol,52000
2021 model Hyundai Venue-S 9847699255 (Hyundai),3650000,Manual2WD,white,2021,15.0,1200,Petrol,21000
KIA SELTOS HTK+2020 (Kia),4275000,Manual2WD,other,2020,16.0,1500,Petrol,28500
Magnite like new (Nissan),2450000,Manual2WD,other,2021,15.0,1000,Petrol,5600
Hyundai Creta E+ On Sale (Hyundai),3950000,Manual2WD,other,2019,15.0,1600,Petrol,20000
Hyundai Santro On Sale (Hyundai),1100000,Manual4WD,other,2007,15.0,1000,Petrol,60000
Hyundai I20 Active S On Sale (Hyundai),2850000,Manual2WD,other,2017,15.0,1200,Petrol,50000
2010 model Tata Safari VX 7 sitter 4wd 9847699255 (Tata),1175000,Manual4WD,green,2010,15.0,2169,Diesel,70000
Full option Ford Ecosport for Sale (Ford),2299000,Manual2WD,other,2015,15.0,1499,Diesel,50000
Volkswagen Touareg 2010 (Volkswagen),6200000,Auto4WD,other,2010,15.0,2967,Diesel,98000
Hyundai Creta 1.6 Gasoline Sx for sale (Hyundai),5500000,Manual2WD,other,2019,15.0,1591,Petrol,30000
Hyundai I20 Asta Diesel engine CRDI (Hyundai),1375000,Manual2WD,other,2010,15.0,1400,Diesel,47000
SUPER FRESH CONDITION SUZUKI SWIFT DEZIRE ON SALE (Maruti Suzuki),1185000,Manual2WD,other,2009,15.0,1300,Petrol,45000
Tata Ace Ht 2017 (Tata),630000,Auto2WD,other,2017,15.0,702,Diesel,5900
Maruti Suzuki Eeco Van 5seater With AC 2017 Model (Maruti Suzuki),1475000,Manual2WD,other,2017,15.0,1196,Petrol,38300
Kia Sportage single hand with multiple airbag (Kia),5700000,Manual4WD,grey,2016,15.0,2500,Diesel,36200
maruti Suzuki Eeco van with AC (5seater) (Maruti Suzuki),1475000,Manual2WD,white,2017,15.0,1196,Petrol,38300
Mahindra Scorpio S4 plus 2016 single hand (Mahindra),3300000,PowerSteering,silver,2016,15.0,2000,Petrol,56000
Fresh Condition Suzuki Swift Vxi 2009 Model onsale (Maruti Suzuki),1350000,Manual2WD,silver,2009,13.0,1298,Petrol,64000
Fresh Condition I10 Magna 1.2 2013 Model For Sell (Hyundai),1700000,Manual2WD,other,2013,14.0,1200,Petrol,62000
Urgent Sale Tata xenon Doible cabin 4 WD 2015 (Tata),1400000,Manual4WD,silver,2015,15.0,2200,Diesel,130000
hilux on sale (Toyota),7600000,Auto4WD,white,2017,15.0,2700,Petrol,65000
Tata Sumo Victa 2008 (Tata),975000,Manual2WD,silver,2008,15.0,1948,Diesel,56000
Eicher terra 16xp tipper sasto ma bikrima (Eicher),3700000,PowerSteering,other,2021,15.0,4898,Diesel,3700
Tata indica 500000 9860462630 (Tata),500000,Auto2WD,other,2007,15.0,1500,Petrol,20
Swift Dzire 2010 Model (Maruti Suzuki),1400000,PowerSteering,other,2010,15.0,1300,Petrol,61000
Ufo jeep for sale (Other Chinese Brands),1500000,Manual2WD,other,2010,15.0,1600,Petrol,86000
Excellent Condition Maruti Suzuki Alto 800 On Sale,1250000,Manual2WD,other,2015,15.0,800,Petrol,40352
good condition somu gold ex 2016 ko fresh xa (Tata),1500000,Manual2WD,red,2016,14.0,2900,Diesel,80000
Like New 2021 Suzuki Wagon R up for sale (Maruti Suzuki),2275000,Manual2WD,other,2021,15.0,1000,Petrol,15000
Hyundai I 10 Megna car On sell. (Hyundai),1325000,Auto2WD,other,2009,15.0,1200,Petrol,70000
Swift Zxi 2015 Model With Push Bottom On Sale (Maruti Suzuki),2149999,Manual2WD,other,2015,16.0,1200,Petrol,41100
2017 model bolero flat body sale or exng with car (Mahindra),1450000,Manual2WD,other,2017,15.0,2500,Petrol,53000
Honda City Zxi (Honda),1100000,Manual2WD,other,2007,15.0,1500,Petrol,75000
Hyundai i20 Active (Hyundai),2500000,Manual2WD,silver,2016,15.0,1200,Petrol,81000
Daihatsu terios 2014 model for sale (Daihatsu),4300000,Manual4WD,other,2014,15.0,1500,Petrol,59000
Santro For Sale (Hyundai),1150000,Manual2WD,other,2007,13.0,1096,Petrol,57000
Swift Vxi 2009 (Maruti Suzuki),1385000,Manual2WD,other,2009,14.0,1300,Petrol,76500
Tata Ace xL (Tata),950000,Manual2WD,other,2020,15.0,700,Diesel,28250
Santro (Hyundai),2225000,Manual2WD,other,2021,15.0,1086,Petrol,15000
Hyundai i20 Asta 1.4 Automatic for Sale!!! (Hyundai),1800000,Auto2WD,other,2010,15.0,1400,Petrol,76342
Hyundai Santro Era 2021(9851008482) (Hyundai),2225000,Manual2WD,other,2021,15.0,1100,Petrol,15000
Hyundai Santro 2014 Silver (Hyundai),1600000,Manual2WD,other,2014,14.0,1186,Petrol,35000
nissan supersaloon sedan car (Nissan),1250000,Manual2WD,other,2006,13.0,1596,Petrol,69000
Swift Zxi 2016 (Maruti Suzuki),2260000,Manual2WD,other,2016,15.0,1200,Petrol,42000
Single Hand 2015 Swift dzire zxi (Maruti Suzuki),2100000,Manual2WD,grey,2015,14.0,1197,Petrol,47000
Single hand 2010 i20 asta (Hyundai),1575000,Manual2WD,grey,2010,13.0,1197,Petrol,58000
Tata Zest 2017 (Tata),2400000,Manual2WD,other,2017,15.0,1200,Petrol,29000
Scorpio S4 Urgently Sell Ma (Mahindra),2650000,Auto2WD,other,2015,15.0,2179,Diesel,155000
Ford Figo Titanium 2013 (Ford),1200000,Manual2WD,other,2013,15.0,1200,Petrol,56000
Suzuki Swift 2007 (Maruti Suzuki),1100000,Manual2WD,other,2017,15.0,1300,Petrol,72256
Hyundai i10 magna 1200 cc on sell (Hyundai),1275000,Manual2WD,blue,2008,14.0,1200,Petrol,62000
Santro full option (Hyundai),1035000,Manual2WD,silver,2006,15.0,1086,Petrol,68500
Ford freestyle titanium 2018 (Ford),2300000,Auto2WD,other,2018,16.5,1200,Petrol,47000
"Fresh, single handed, driven by doctor i10 sportz (Hyundai)",1485000,Manual2WD,silver,2010,14.0,1200,Petrol,46374
KIA SPORTAG on sale (Kia),2000000,Auto4WD,other,2006,13.0,2000,Diesel,54000
Hyundai tucson 1991 CC Fully loaded Four wheel 4×4 (Hyundai),2050000,Auto4WD,red,2009,16.0,1991,Diesel,85000
isuzu v-cross (Other Brands),4499999,Manual4WD,silver,2017,15.0,2499,Diesel,56000
Ford Ecosport (Ford),1770000,Manual2WD,other,2015,15.0,1500,Petrol,75000
Land cruiser Prado vx 2017 model (Toyota),24000000,Auto4WD,other,2017,15.0,3000,Diesel,78564
2003 model ko Omni seater van on sale (Maruti Suzuki),400000,Auto2WD,white,2003,14.0,796,Petrol,70000
Santro 2003 Model (Hyundai),775000,Manual2WD,other,2003,15.0,1100,Petrol,80000
Ford Eco Sport on sale (Ford),2150000,Auto2WD,other,2015,14.0,1500,Petrol,42000
i20 2016 urgent sale (Hyundai),2400000,Manual2WD,blue,2016,15.0,1200,Petrol,30000
car (Chevrolet),575000,Manual2WD,other,2012,15.0,1000,Petrol,25000
6 lakh good condition all tyre new (Kia),600000,Auto2WD,other,2004,15.0,1300,Petrol,45000
Ssangyong Rexton Automatic 4WD (Ssangyong),11000000,Auto4WD,other,2017,15.0,2157,Diesel,35000
Ford Figo (Ford),1600000,Manual4WD,red,2017,15.0,1656,Diesel,70000
2008 MODEL TOYOTA PRADO JEEP ON SALE (Toyota),7000000,Manual4WD,other,2008,15.0,3000,Diesel,110000
Honda Amaze 1.2 SMT 2014 (Honda),1775000,Manual2WD,other,2014,15.0,1200,Petrol,57000
Swift VXI 2016 (Maruti Suzuki),2000000,Manual2WD,silver,2016,15.0,1200,Petrol,49000
Second hand isuzu Dmax (Other Brands),1500000,Manual2WD,other,2018,15.0,2999,Diesel,35000
Second hand car (Tata),1300000,Manual2WD,other,2014,15.0,1248,Diesel,50000
urjent sale (Hyundai),1125000,Auto2WD,grey,2008,14.5,1086,Petrol,76009
Sale of Car (Datsun),1500000,PowerSteering,other,2017,15.0,1200,Petrol,14000
BMW 318i 2003 Model with Automatic Gear (Other Brands),4500000,Auto2WD,other,2003,15.0,2000,Petrol,62000
Nissan Super Saloon 2007 Model (Nissan),1250000,Manual2WD,other,2007,15.0,1500,Petrol,90000
Ford Endeavour 2016 Model with Automatic Gear (Ford),8300000,Auto4WD,other,2016,15.0,3200,Diesel,73000
Tata ALTROZ top verient (Tata),2900000,Manual2WD,other,2021,16.0,1200,Petrol,13000
Kia Hiace for sale. (Kia),1400000,Manual2WD,other,2011,15.0,2600,Diesel,114000
Hyundai I10 for sale (Hyundai),1850000,PowerSteering,other,2015,15.0,1100,Petrol,19800
VW POLO 1.6 (Volkswagen),2200000,Manual2WD,silver,2014,15.0,1600,Petrol,47000
Cheverolet spark (american brand) (Chevrolet),725000,Manual2WD,other,2009,15.0,995,Petrol,63000
Creta XsO CVT auto top 2021 (Hyundai),6650000,Auto2WD,other,2021,15.5,1499,Petrol,17000
"VOLKSWAGEN POLO 1.6 , 2014 model, Hatchback (Volkswagen)",2000000,PowerSteering,silver,2014,15.0,1600,Petrol,21000
Baleno Zeta 2016 Bagmati (Maruti Suzuki),2250000,Manual2WD,other,2016,15.0,1200,Petrol,59000
Car (Other Chinese Brands),1000000,Manual2WD,other,2008,15.0,1300,Petrol,20000
Sell or exchange (Ford),1975000,Manual2WD,other,2013,15.0,1500,Petrol,31000
Tucson 2009 model URGENT sale (Hyundai),2300000,Manual4WD,other,2009,15.0,1997,Diesel,67000
Mahindra Scorpio S5 4WD (Mahindra),3900000,Manual4WD,other,2017,14.0,2179,Diesel,70
Hyundai Elantra 2011 Model (Hyundai),3000000,Manual2WD,other,2011,15.0,1600,Petrol,65000
car (Maruti Suzuki),1300000,Manual2WD,silver,2010,13.0,1200,Petrol,68000
Suzuki WagonR 2016 vxi single hand excellent condi (Maruti Suzuki),1650000,Manual2WD,other,2016,14.0,1000,Petrol,37000
Suzuki swift 2021 Zxi+ top option single hand (Maruti Suzuki),2850000,Manual2WD,other,2021,14.0,1200,Petrol,22000
Maruti Suzuki Swift ZXI (Maruti Suzuki),2625000,Manual2WD,other,2018,15.0,1200,Petrol,33598
Suzuki Wagon R on sales (Maruti Suzuki),1100000,Manual2WD,other,2010,15.0,1061,Petrol,49565
Hyundai Creta 2016 (Hyundai),3200000,PowerSteering,other,2016,15.0,1499,Petrol,21500
Grand i10 Asta 2014 (Hyundai),2090000,Manual2WD,other,2014,15.0,1197,Petrol,42000
I10 Megna 2013 red color (Hyundai),1600000,Manual2WD,other,2013,13.0,1200,Petrol,62000
kia Picanto Ex 2010 (Kia),1175000,Manual2WD,other,2010,15.0,1086,Petrol,50000
Grand i10 Magna 2015 (Hyundai),2050000,Manual2WD,other,2015,15.0,1197,Petrol,39000
Nissan kicks 2021 model (Nissan),4100000,Manual2WD,grey,2021,15.0,1600,Petrol,32000
"2005 model kia picanto fulloption sale,exng bikes (Kia)",795000,Manual2WD,other,2005,15.0,1000,Petrol,65000
Hyundai grand i10 nios 2021 (Hyundai),2950000,Manual2WD,other,2021,13.0,1200,Petrol,6000
2008 model kia sorento fully loaded sale ot exng (Kia),2050000,Manual4WD,other,2008,15.0,2500,Diesel,65000
maruti van (Maruti Suzuki),690000,Auto2WD,silver,2012,15.0,800,Petrol,65000
Sale or Exchange: Volkswagen Cross Polo 1.6 (Volkswagen),2600000,Manual2WD,other,2016,15.0,1600,Petrol,23000
hyundai creta 2018 on sale (Hyundai),3775000,Manual2WD,other,2018,14.0,1500,Petrol,35000
"I10 Sportz Grey ,2011 Model 2 Hand , 52000 Km Run (Hyundai)",1580000,Manual2WD,other,2011,16.0,1197,Petrol,52000
omni van 8 seater 2016 single hand (Maruti Suzuki),850000,Auto2WD,silver,2016,16.0,800,Petrol,34000
mahindra supro t4 (Mahindra),750000,Auto2WD,red,2018,13.0,1000,Diesel,75000
Hyundai Creta 2021 sx ivt top model (Hyundai),6500000,Auto2WD,other,2021,15.0,1500,Petrol,6000
Hyundia I 10 magna (Hyundai),1700000,Auto2WD,other,2012,15.0,1197,Petrol,48000
Grand i10 Sportz on Sale (Hyundai),2475000,Manual2WD,other,2018,16.0,1200,Petrol,36500
Maruti Omni Van 2018 (Maruti Suzuki),920000,Auto2WD,silver,2018,13.0,796,Petrol,35000
Toyota Etios V (Toyota),1700000,PowerSteering,other,2014,15.0,1500,Petrol,52000
Zen Stailo Vxi 2010 (Maruti Suzuki),1025000,Manual2WD,gold,2010,15.0,996,Petrol,51000
Brezza on sale (Maruti Suzuki),4200000,PowerSteering,silver,2021,15.0,1500,Petrol,16000
Mahindra kuv100 k6 (Mahindra),1750000,Manual2WD,other,2016,16.0,1000,Petrol,44532
Suzuki (Maruti Suzuki),520000,Manual2WD,other,2001,16.0,1061,Petrol,75
Vw Vento 1.6L Highline Plus 2013 Exchange Also (Volkswagen),1775000,Manual2WD,other,2013,14.0,1600,Petrol,53500
"Kia Sonet , Kiasonet Car SUV (Kia)",3125000,Manual2WD,other,2021,15.0,1200,Petrol,42000
Isuzu Dmax Vcross (Other Brands),5200000,Manual4WD,other,2017,15.0,2499,Diesel,60000
Hyundai i20 Active S|2017| Urgent sale| Full fresh (Hyundai),2725000,Manual2WD,white,2017,14.0,1200,Petrol,30000
Hyundai Xcent Sx O 2014 (Hyundai),2050000,Manual2WD,other,2014,15.0,1196,Petrol,54383
Maruti suzuki wagoner 2015 (Maruti Suzuki),1455000,Manual2WD,other,2015,15.0,1000,Petrol,52000
Maruti Suzuki swift dzire 2009 ON SALE (Maruti Suzuki),1170000,Auto2WD,blue,2009,15.0,1200,Petrol,85000
TATA 1109 (Tata),2799000,Manual2WD,white,2018,15.0,3700,Diesel,90000
गाडी बिक्रीमा (Mahindra),2100000,Manual4WD,white,2015,15.0,2200,Diesel,64000
Scorpio S4+ (Mahindra),3850000,Manual4WD,other,2017,15.0,2200,Diesel,5600
Car sell on urgent (Honda),1290000,Manual4WD,other,2007,13.0,1350,Petrol,75000
PROTON WIRA (2003) (Other Brands),575000,Manual2WD,other,2003,15.0,1498,Petrol,19000
picanto silver (Kia),1050000,Manual2WD,silver,2009,15.0,1100,Petrol,83000
Ford figo titanium 2015 (Ford),1250000,Auto2WD,other,2015,15.0,1200,Petrol,50000
Renault duster RXS 2018 (Renault),2500000,Manual2WD,other,2018,15.0,1500,Petrol,50000
Picanto 2008 Silver full option (Kia),900000,Manual2WD,silver,2008,14.0,1100,Petrol,53000
2013 model ford figo singlehand sale or exng bikes (Ford),1250000,Manual2WD,other,2013,15.0,1200,Petrol,43000
2019 Hyundai Grand i10 Sportz (Hyundai),2575000,Manual2WD,other,2019,15.0,1197,Petrol,20000
Mahindra xuv 500 w10 2016 model for sale (Mahindra),3850000,Manual4WD,other,2016,15.0,2200,Diesel,53000
Grand I 10 Magna 1.2 (2019 Model) (Hyundai),2550000,Manual2WD,other,2019,16.0,1196,Petrol,17000
TATA VISTA 2010 FOR SALE (Tata),700000,Manual2WD,other,2010,15.0,1300,Petrol,84000
Mazda 3 (Mazda),1275000,Manual2WD,grey,2005,14.0,1600,Petrol,36000
toyota corolla old vintage 1975 car (Toyota),500000,Manual4WD,other,1975,15.0,1200,Petrol,50000
"2006 model suzuki japanese vitara 4wd,fully loaded (Maruti Suzuki)",1950000,Manual4WD,other,2006,15.0,2000,Petrol,75000
Urgent sale Maruti van 2018 Model good condition (Maruti Suzuki),700000,Auto4WD,white,2018,15.0,796,Petrol,63000
SWIFT LXI 2005 (Urgent Sale ) All Tax cleared (Maruti Suzuki),899999,Manual2WD,other,2005,15.0,1200,Petrol,70000
Hyundai creta sxo petrol 2019 (Hyundai),4850000,Manual2WD,other,2019,14.0,1598,Petrol,41000
four sale swift zxi 2017 model (Maruti Suzuki),2250000,Manual2WD,other,2017,15.0,1200,Petrol,35680
pick up van bikrima (Maruti Suzuki),200000,Manual2WD,white,1999,16.0,800,Petrol,20000
Brezza Zxi + petrol 2021 Single owner 9851138810 (Maruti Suzuki),3975000,Manual2WD,other,2021,15.0,1500,Petrol,18500
Santro (Hyundai),1250000,Manual2WD,other,2009,13.0,1096,Petrol,78000
sales (Mahindra),1200000,Manual2WD,white,2016,15.0,2523,Diesel,127130
Hilux 2010 (Toyota),3500000,Manual4WD,other,2010,15.0,2500,Diesel,100000
Car (Volkswagen),1490000,Auto4WD,other,2011,14.0,1600,Petrol,38000
I10 on sale (Hyundai),1600000,Manual2WD,other,2012,14.5,1100,Petrol,33000
Hyundai i20 active 2016 model in sell (Hyundai),2650000,Manual2WD,white,2016,15.0,1200,Petrol,40000
Nissan Datsun Redi Go Brand New Condition 5000k (Datsun),1750000,Manual2WD,other,2021,15.0,1000,Petrol,5000
Kia picanto 2008 (Kia),880000,PowerSteering,other,2008,15.0,1086,Petrol,70000
Maruti Suzuki Swift 2015 Vxi Single Use For Sale (Maruti Suzuki),1875000,Manual2WD,other,2015,16.0,1200,Petrol,48000
hyundai eon (Hyundai),900000,Manual2WD,silver,2012,14.0,814,Petrol,40000
Maruti Suzuki Brezza Zdi plus 2018 (Maruti Suzuki),3200000,Manual2WD,other,2018,14.0,1400,Diesel,43000
Suzuki Swift ZXI (Maruti Suzuki),2300000,Manual2WD,other,2016,15.3,1248,Petrol,30000
Hyundai i10 Magna 2014 (Hyundai),1700000,Manual2WD,other,2014,15.0,1200,Petrol,39000
sell (Maruti Suzuki),3200000,PowerSteering,red,2018,14.0,1200,Diesel,66000
Hyundai i20 Active S 2019 (Single Handed) (Hyundai),3200000,Manual2WD,other,2019,15.0,1400,Petrol,39000
urgent sell (Tata),3600000,Auto2WD,green,2021,15.0,1200,Petrol,36000
Mahindra KUV 100 K8 (Mahindra),2250000,Auto2WD,other,2016,14.5,1198,Petrol,35000
ford Figo titanium on sale (Ford),1000000,Manual2WD,red,2011,15.0,1200,Petrol,80000
Toyota Land Cruiser Prado Vx (Toyota),23500000,Auto4WD,other,2017,15.0,4461,Diesel,85000
Ford Ranger Autogear 4wd 55 Lakh Bank Available (Ford),8800000,Auto4WD,other,2020,15.0,3200,Diesel,17000
Volkswagen Tiguan Allspace for sale (Volkswagen),8700000,Auto4WD,other,2017,15.0,1984,Petrol,50000
Fresh condition Toyota RAV4 (Toyota),3490000,Auto4WD,other,2010,15.0,2400,Petrol,84000
urgent sale 9841395832 (Mahindra),750000,Manual2WD,other,2015,15.0,2600,Diesel,9
Maruti Suzuki Swift Dzire Zxi 2015 (Maruti Suzuki),2150000,Manual4WD,other,2015,15.0,1197,Petrol,40014
I10 sportz 1.2 for sale (Hyundai),1599999,Manual2WD,grey,2011,13.0,1200,Petrol,52000
Kiger On Sell (Renault),2500000,PowerSteering,other,2021,15.0,1000,Petrol,18000
i10 Hyundai Magna - Silver (Hyundai),1500000,Manual2WD,other,2010,14.0,1200,Petrol,58000
Single handed isuzu s-cab for sale (Other Brands),2975000,Manual2WD,silver,2018,13.0,2500,Diesel,30000
Ford Figo exi for sale (Ford),1225000,Manual2WD,silver,2013,13.0,1200,Petrol,4000
TOYOTA RAV4 FOR SALE (Toyota),3300000,Auto4WD,silver,2015,15.0,2494,Petrol,12000
Well Maintained Swift Dzire VXI 2012 for sell (Maruti Suzuki),1700000,Manual2WD,other,2012,13.0,1200,Petrol,63000
KIA Sportage urgent sale (Kia),1875000,Manual4WD,red,2007,13.0,2000,Diesel,68000
Hyundai Santro GL plus 2011 Model (Hyundai),1400000,Manual2WD,other,2011,15.0,1086,Petrol,97000
Single hand grand i10 magna 2018(airbag) on sale (Hyundai),2250000,Manual2WD,other,2018,15.0,1200,Petrol,27000
Skoda fabia on sale (Skoda),1250000,Manual2WD,silver,2012,15.0,1200,Petrol,68000
Volkswagen Polo 1.6 Highline (Volkswagen),2100000,Manual2WD,other,2015,15.0,1600,Petrol,49000
Japanese Sirion on Sale (Daihatsu),930000,Manual2WD,silver,2007,15.0,1300,Petrol,78000
KIA Sportage on Sale!! (Kia),990000,Manual4WD,other,2001,13.0,2200,Diesel,143000
Hyundai i20 Magna 2013 (Hyundai),1735000,Manual2WD,other,2013,14.0,1197,Petrol,44000
VOLKSWAGEN POLO GT TSI Autogear 2013 (Volkswagen),2450000,Auto2WD,white,2013,15.0,1200,Petrol,35000
Toyata Rav4 Autogear 2008 Model On Sale Urgent (Toyota),3800000,Auto4WD,other,2008,15.0,2362,Petrol,91000
Triber Renualt 2021 (Renault),2350000,Auto2WD,other,2021,16.0,999,Petrol,14000
Fully fresh Hyundai grand i10 Magna (Hyundai),2225000,Manual2WD,silver,2016,15.0,1197,Petrol,33000
car on sale (Hyundai),1100000,PowerSteering,grey,2008,15.0,1000,Petrol,88000
Hyundai Creta (Hyundai),3585000,Manual4WD,silver,2015,15.0,1591,Petrol,57000
Toyota Hilux (Toyota),7800000,Manual4WD,silver,2018,15.0,2755,Diesel,40000
Toyota Hilux (Toyota),7800000,Manual4WD,silver,2018,15.0,2755,Diesel,40000
Toyota hilux (Toyota),7800000,Manual4WD,silver,2018,15.0,2755,Diesel,40000
Hyundai Creta (Hyundai),3590000,Auto2WD,silver,2015,15.0,1591,Petrol,57000
Hyundai Creta (Hyundai),3585000,Manual2WD,silver,2015,15.0,1591,Petrol,57000
Renault Kiger RXL MT Auto Gear (Renault),2785000,Auto2WD,other,2021,15.0,999,Petrol,7000
SONET (KIA) (Kia),3200000,Manual2WD,other,2021,15.0,1200,Petrol,11000
Grand i10 Magna 2014 (Hyundai),1875000,Manual4WD,grey,2014,15.0,1197,Petrol,42000
polo 1.6 high-Line 2016 (Volkswagen),2450000,Manual2WD,orange,2016,15.0,1600,Petrol,49000
Tata nexon xm s (Tata),3650000,Manual2WD,other,2021,15.0,1200,Petrol,17000
Hyundai getz (Hyundai),925000,Manual2WD,other,2008,15.0,1400,Petrol,67000
nissan super saloon 2005 model on sale (Nissan),1100000,PowerSteering,silver,2005,15.0,1600,Petrol,100500
Excellent 9817874410 (Tata),1650000,Auto2WD,red,2014,14.0,2956,Diesel,125000
Toyota echo (Toyota),950000,PowerSteering,grey,2003,15.0,1300,Petrol,140000
Ecosport 2013 trend model (Ford),1775000,Manual2WD,other,2013,15.0,1200,Diesel,54500
Swift Zxi 2006 Single Hand (Maruti Suzuki),1390000,Manual2WD,other,2006,14.0,1200,Petrol,55000
Toyota Corolla lx new shape with double airbag (Toyota),1725000,Manual2WD,other,2007,15.0,1600,Petrol,47000
Family car on sale - Perodua viva (Perodua),765000,Manual2WD,other,2008,15.0,850,Petrol,36000
Suzuki vittara 3 door (Maruti Suzuki),875000,Manual4WD,white,1992,15.0,1600,Petrol,100000
well maintained fully fresh engine i20 on sale (Hyundai),1250000,Manual2WD,silver,2010,16.0,1200,Petrol,48000
Hyundai Creta 2017 (Hyundai),3390000,Manual2WD,grey,2017,15.0,1598,Petrol,41000
Honda CR-V 2018 (Honda),10700000,Auto4WD,other,2018,15.0,1500,Petrol,8300
Fresh Maruti Car On Sales (Maruti Suzuki),550000,Manual2WD,other,2006,15.0,800,Petrol,81155
wagan R 2008 vxi (Maruti Suzuki),835000,Manual2WD,other,2008,16.0,1087,Petrol,55000
Full fresh condition zyotee mini JEEP on sale (Other Brands),995000,Manual2WD,other,2010,14.0,1300,Petrol,48000
Vw poli 1.6 single hand (Volkswagen),1650000,Manual2WD,other,2011,13.0,1600,Petrol,47000
Suzuki Swift Dzire 2010 Vxi (Maruti Suzuki),1399999,Auto2WD,other,2010,16.0,1200,Petrol,61000
Skoda Rapid 2021 with 15 lakh Finance (Skoda),3000000,Manual2WD,other,2021,15.0,1000,Petrol,21000
Hyundai I10 (2014 Model) (Hyundai),1700000,Manual2WD,red,2014,16.5,1049,Petrol,41848
Tata Tiago On Sale (Tata),1980000,Manual2WD,other,2019,15.0,1200,Petrol,20000
Kia sportage lxi petrol (Kia),4850000,Manual2WD,other,2018,13.0,2000,Petrol,52000
Ford Eco sport (2015) white (Ford),2150000,Manual2WD,white,2015,15.0,1500,Petrol,70000
2010 Model New Shape I10 Magna 1.2 On Sale (Hyundai),1475000,Manual2WD,other,2010,14.0,1200,Petrol,61000
Hyundai Getz 2009 Model Full Option (Hyundai),920000,Manual2WD,other,2009,15.0,1350,Petrol,72000
Excellent Condition Suzuki Swift Zxi 2008 on sale (Maruti Suzuki),1399999,Manual2WD,other,2008,13.0,1300,Petrol,66000
Tata sumo ex gold (Tata),1175000,PowerSteering,gold,2013,15.0,2956,Diesel,93000
Suzuki Swift Dzire VXI 2009 (Maruti Suzuki),1190000,Manual2WD,silver,2009,15.0,1200,Petrol,60000
Rav4 (Toyota),6500000,Manual2WD,other,2013,15.0,2500,Petrol,55000
Ford Freestyle Titanium On Sale (Ford),2495000,Auto2WD,other,2018,15.0,1200,Petrol,28800
Lxi Alto (Maruti Suzuki),1350000,Manual2WD,other,2016,16.0,800,Petrol,56000
Mahindra tipper (Mahindra),1800000,Auto2WD,blue,2018,15.0,2609,Diesel,23000
FORD ECO SPORTS IN IMMACULATE CONDITION (Ford),2350000,PowerSteering,other,2018,15.0,1500,Petrol,35500
"Swift Dzire vxi ,2008 model, petrol,9851016822 (Maruti Suzuki)",1250000,Manual2WD,grey,2008,15.0,1300,Petrol,66235
"Nios grand i10 magna,2021 model, petrol,9851016822 (Hyundai)",2775000,Manual2WD,other,2021,15.0,1200,Petrol,12000
"Grand i10 magna ,2017 model,9851016822,Finance hnx (Hyundai)",2225000,Manual2WD,red,2017,15.0,1200,Petrol,33256
"full option Swift zxi ,2014 model,9851016822 (Maruti Suzuki)",2075000,Manual2WD,silver,2014,15.0,1200,Petrol,42136
"Swift zxi with push button,2017 model, petrol, (Maruti Suzuki)",2550000,Manual2WD,silver,2017,15.0,1200,Petrol,39523
"Eeco van 7 seater with airbag Petrol,2020 model, (Maruti Suzuki)",1850000,Manual2WD,silver,2020,15.0,1200,Petrol,23000
"Hyundai Grand I10, 2018 Model, Only 17000km Silver (Hyundai)",2350000,Manual2WD,silver,2018,15.0,1200,Petrol,17000
Suzuki Alto Lxi 2018 Model (Maruti Suzuki),1399000,PowerSteering,other,2018,15.0,800,Petrol,42000
Hyundai Verna SX 1.6 (Hyundai),1950000,Manual2WD,other,2012,13.0,1600,Petrol,71000
Tata zest xt 2016 model for sale (Tata),1850000,Manual2WD,other,2016,15.0,1200,Petrol,39000
2015 Model Daihatsu Terios 4 wd drive 9847699255 (Daihatsu),4450000,Manual4WD,grey,2015,15.0,1500,Petrol,43000
Swift zxi 2016 (Maruti Suzuki),2375000,Manual2WD,silver,2016,15.0,1200,Petrol,38000
Grand i10 Asta 2016 (Hyundai),2375000,Manual2WD,silver,2016,14.0,1200,Petrol,52000
Toyota Corolla Lx Fully Loaded Double Airbags (Toyota),1750000,Manual2WD,other,2007,15.0,1600,Petrol,47000
Maruti Delivery Van (Maruti Suzuki),505000,Manual2WD,other,2015,15.0,800,Petrol,52500
Maruti suzuki Celerio Vxi Auto 2014 model for sale (Maruti Suzuki),1800000,Auto2WD,other,2014,15.0,1000,Petrol,47000
Ford Figo Single Woner No Dent Super Fresh Car (Ford),1650000,Manual2WD,other,2017,15.0,1200,Petrol,43000
Toyota Avanza 7 seater for sale 2013 model (Toyota),2150000,Manual2WD,other,2013,15.0,1300,Petrol,53000
Mahindra Bolero DC 2017 pickup for sale (Mahindra),1950000,Manual4WD,other,2017,15.0,2523,Diesel,38000
Maruti suzuki eco van for sale 2016 model (Maruti Suzuki),1450000,Manual2WD,other,2016,15.0,1200,Petrol,54590
sentro Xing (Hyundai),1150000,PowerSteering,white,2009,15.0,1086,Petrol,60000
Ford Figo On Sale (Ford),999999,Manual2WD,other,2011,13.0,1199,Petrol,53000
suzuki brezza (Maruti Suzuki),4100000,Manual2WD,other,2021,15.0,1500,Petrol,24500
terios on sale (Daihatsu),2550000,Manual4WD,other,2007,15.0,1500,Petrol,53000
Hatti gadi Mahindra maximo plus color white (Mahindra),450000,PowerSteering,white,2013,15.0,901,Diesel,16057
Eeco Van 2018 Model (Maruti Suzuki),1525000,Manual2WD,other,2018,15.0,1200,Petrol,63000
SUPER FRESH CONDITION ZYOTEE MINI JEEP ON SALE (Other Brands),875000,Manual2WD,other,2009,14.0,1300,Petrol,52000
Scoripio (Mahindra),3675000,Manual4WD,other,2017,15.0,2200,Diesel,65000
2010 ZOTYE 1.3 SINGLE HAND (Other Brands),1025000,Manual2WD,other,2010,13.0,1300,Petrol,55000
Hyundai Creta (Hyundai),5500000,Manual2WD,other,2018,15.0,1600,Petrol,30000
Ford ecoport Trend model (Ford),2500000,Manual2WD,other,2016,15.0,1500,Petrol,45000
Car for sales (Maruti Suzuki),715000,Manual4WD,other,2009,15.0,800,Petrol,80000
Honda city 2015 (Honda),2320000,Manual2WD,silver,2015,15.0,1490,Petrol,30100
Cevrolet Spark 2009 Model Full Loded (Chevrolet),900000,Auto2WD,other,2009,14.5,1000,Petrol,85000
Santro Xing For Sale (Hyundai),975000,Auto2WD,other,2005,15.0,1100,Petrol,82000
Hyundai i10 sportz for sale (Hyundai),1450000,Auto2WD,other,2009,15.0,1200,Petrol,80000
Ford Figo (Ford),1075000,Manual2WD,other,2011,15.0,1200,Petrol,60000
Volkswagen Polo 2018 (Volkswagen),2450000,Manual2WD,other,2018,15.0,998,Petrol,27969
Kia Rio (Kia),540000,Auto2WD,other,2004,14.0,1400,Petrol,60000
Maruti Suzuki Swift Zxi 2014 (Maruti Suzuki),2025000,Manual2WD,other,2014,15.0,1197,Petrol,47582
MAHINDRA BOLERO PICKUP 4 WHEEL (Mahindra),1150000,Manual4WD,other,2016,15.0,2500,Petrol,46230
MARUTI SUZUKI ALTO ALTO CAR 800 (Maruti Suzuki),600000,Manual2WD,other,2004,15.0,800,Petrol,63586
HYUNDAI SANTRO XING SEMI OPTION CAR (Hyundai),1725000,Manual2WD,other,2014,15.0,1086,Petrol,52490
ALTO K10 SEMI OPTION CAR (Hyundai),590000,Manual2WD,other,2002,15.0,1061,Petrol,62570
Maruti Suzuki Swift Zxi On Sale.. (Maruti Suzuki),1897000,Manual2WD,other,2014,15.0,1197,Petrol,74000
"Creta sx (o), 2019, silver color 9863861301 (Hyundai)",5100000,Manual2WD,other,2019,15.0,1600,Petrol,20000
dzire vxi 2014 (Maruti Suzuki),1700000,Auto2WD,white,2014,14.0,1200,Petrol,65300
Hyundai i10 Magna 1.2 2013 For Sale (Hyundai),1700000,Manual2WD,other,2013,13.0,1200,Petrol,50000
maruti suzuki celerio vxi 2014 auto gear (Maruti Suzuki),1800000,Auto2WD,other,2014,15.0,998,Petrol,47000
i20 sportz 2013 (Hyundai),1750000,Manual2WD,other,2013,13.0,1500,Petrol,45
Bolero Maxitruck (Mahindra),1200000,Manual2WD,other,2017,15.0,2523,Diesel,100000
SUZUKI ALTO (Maruti Suzuki),1575000,Manual2WD,other,2018,15.0,800,Petrol,46333
Hyundai I20 Active S 2018 (Full Option) (Hyundai),3075000,Manual2WD,other,2018,15.0,1197,Petrol,32000
Hyundai Santro full option car 2007 model for sale (Hyundai),11500000,Manual2WD,other,2007,15.0,1100,Petrol,73000
Volkswagen polo 1.6 highline 2014 for sale (Volkswagen),2150000,Manual2WD,other,2014,15.0,1600,Petrol,42000
Honda Amaze smt 2015 model car for sale (Honda),18500000,Manual2WD,other,2015,15.0,1200,Petrol,45000
Hyundai accent (Hyundai),775000,Manual2WD,silver,2003,15.0,1500,Petrol,102500
Hyundai Creta E+ 2019 model for sale (Hyundai),4000000,Manual2WD,other,2019,15.0,1600,Petrol,20000
Toyota Corolla LX 2007 single hand (Toyota),1575000,Manual2WD,other,2007,15.0,1497,Petrol,65000
ALTO 2009 for sale (Maruti Suzuki),870000,Manual2WD,other,2009,16.0,800,Petrol,57000
Nissan Micra XV 2015 (Nissan),1450000,Manual2WD,other,2015,15.0,1200,Petrol,36000
Suzuki swift 2017 ZXI on sale. (Maruti Suzuki),2400000,Manual2WD,other,2017,16.0,1197,Petrol,26000
i20 Active S 2018 (Hyundai),3075000,Manual2WD,other,2018,14.0,1200,Petrol,37000
Hyundai getz 2008model (Hyundai),950000,Manual2WD,blue,2008,15.0,1400,Petrol,81000
santro (Hyundai),850000,Manual2WD,blue,2004,15.0,1200,Petrol,55
santro (Hyundai),950000,Manual2WD,red,2005,15.0,1200,Petrol,45
Excellent 2012 cheverolet uva 1.2 with airbags abs (Chevrolet),1025000,Manual2WD,other,2012,14.0,1200,Petrol,43000
tata super ace good condition n looks good (Tata),800000,Auto2WD,white,2012,15.0,1399,Diesel,70000
Hyundai Creta (Hyundai),5600000,Manual2WD,other,2021,15.0,1500,Petrol,19000
FORD FIGO TITANIUM 2013 WELL IN CONDITION FUE RUN (Ford),1275000,Manual2WD,other,2013,15.0,1196,Petrol,21000
KIA Sportage AWD in mint condition for urgent sale (Kia),3050000,Manual4WD,white,2011,14.0,1998,Petrol,58010
For sale 2017 model ecosport ambient petrol (Ford),1850000,Manual2WD,other,2017,15.0,1500,Petrol,43000
Mahindra Bolero Single Cab Pickup 1.5 TPS 2018 (Mahindra),1575000,Manual2WD,other,2018,15.0,2523,Diesel,29594
HYUNDAI CRETA SX+ 2016 FULLY LOADED VEHICLE (Hyundai),3375000,Manual2WD,other,2016,15.0,1591,Petrol,42097
Baleno Delta 2017 (Maruti Suzuki),2250000,Manual2WD,other,2017,15.0,1200,Petrol,32000
Maruti Suzuki zxi (Maruti Suzuki),1990000,Auto2WD,red,2013,15.0,1197,Petrol,71500
Maruti Suzuki Swift Dzire Vxi - silky silver (Maruti Suzuki),2700000,Manual2WD,other,2019,15.0,1197,Petrol,27000
Santro xing 2007 (Hyundai),1075000,Auto2WD,other,2007,14.0,1086,Petrol,57000
i20 good condition for sell (Hyundai),1640000,Auto2WD,other,2010,14.0,1200,Petrol,65000
Jeep Compass Limited + 2020 (Jeep),8900000,Manual4WD,other,2020,15.0,1956,Diesel,35000
Renault kwid 1.0 rxt for sale (Renault),1499999,Manual2WD,grey,2017,15.0,1000,Petrol,32000
bhansar ko que ko gadi urgent sale (Mahindra),1450000,Manual2WD,red,2012,14.0,900,Diesel,81000
Proton Wira Good condition car 2005 model Malaysia (Other Brands),625000,Manual4WD,black,2005,15.0,1468,Petrol,6278
"Ford India, Eco Sport (Ford)",2200000,Manual2WD,grey,2013,15.0,1498,Diesel,0
Scorpio (Mahindra),2200000,Manual2WD,other,2012,15.0,2179,Diesel,180000
New Nissan Magnite XE 2022 (BRAND NEW DEAL) (Nissan),2750000,Manual2WD,other,2022,15.0,999,Petrol,10000
Toyota car (Toyota),150000,Manual2WD,other,1993,16.0,1900,Diesel,100000
Brezza 1.5 petrol zxi+ 2021 (Maruti Suzuki),4075000,Manual2WD,silver,2021,16.0,1500,Petrol,12000
Hyundai i10 asta grand 2018 push button start (Hyundai),2575000,Manual2WD,other,2018,15.0,1200,Petrol,32000
Hyundai i10 grand magna 2014 48000 km (Hyundai),1850000,Manual2WD,other,2014,15.0,1200,Petrol,48000
Single handed Cargo van on sale (Maruti Suzuki),740000,Auto2WD,other,2018,15.0,800,Petrol,17000
Mahendra bolero pickup truck (Mahindra),1450000,Manual4WD,grey,2017,15.0,2500,Diesel,42000
Bolero maxitruck (Mahindra),1675000,Auto4WD,white,2019,15.0,2500,Diesel,56000
Honda City 2004 (Honda),799999,Manual2WD,other,2004,15.0,1498,Petrol,108000
Well maintained car. Everything is fine. Single ha (Hyundai),1925000,Manual2WD,other,2015,15.0,1200,Petrol,60000
VW Polo 2014 Highline 1200 (Renault),1950000,Manual2WD,other,2014,13.0,1200,Petrol,60000
Hyundai i10 magna 2014 (Hyundai),1750000,Manual2WD,silver,2014,15.0,1200,Petrol,93000
nissan xtrail 2007 model for sale or exchange (Nissan),2450000,Auto4WD,white,2007,13.0,2200,Diesel,60000
